[
  {
    "url": "/view/HR/BSE",
    "url2": null,
    "module": "HR",
    "frame": false,
    "external": null,
    "children": [
      {
        "url": "/view/HR/PAMCOM",
        "url2": null,
        "module": "HR",
        "frame": false,
        "external": null,
        "id": "PAMCOM",
        "name": "참고 프로젝트",
        "type": "folder",
        "children": [
          {
            "url": "/view/HR/PAMPHM00100",
            "url2": null,
            "module": "HR",
            "frame": false,
            "external": null,
            "children": null,
            "type": "page",
            "id": "PAMPHM00100",
            "name": "사원등록"
          }
        ]
      },
      {
        "url": "/view/HR/BSEHRM",
        "url2": null,
        "module": "HR",
        "frame": false,
        "external": null,
        "children": [
          {
            "url": "/view/HR/BSEHRM00200",
            "url2": null,
            "module": "HR",
            "frame": false,
            "external": null,
            "children": null,
            "type": "page",
            "groupList": [
              "1000"
            ],
            "bkmkSq": 0,
            "id": "BSEHRM00200",
            "name": "어학이력등록(단일그리드)"
          }
        ],
        "type": "folder",
        "groupList": [
          "1000"
        ],
        "bkmkSq": 0,
        "id": "BSEHRM",
        "name": "테스트프로젝트"
      },
      {
        "url": "/view/HR/PAMODM01800",
        "url2": null,
        "module": "HR",
        "frame": false,
        "external": null,
        "children": [
          {
            "url": "/view/HR/PAMODM01800",
            "url2": null,
            "module": "HR",
            "frame": false,
            "external": null,
            "children": null,
            "type": "page",
            "groupList": [
              "1000"
            ],
            "bkmkSq": 0,
            "id": "PAMODM01800",
            "name": "행사참가직원등록"
          },
          {
            "url": "/view/HR/KOSHRM00200",
            "url2": null,
            "module": "HR",
            "frame": false,
            "external": null,
            "children": null,
            "type": "page",
            "groupList": [
              "1000"
            ],
            "bkmkSq": 0,
            "id": "BSESIX00200",
            "name": "[2번째 실습메뉴명]"
          }
        ],
        "type": "folder",
        "groupList": [
          "1000"
        ],
        "bkmkSq": 0,
        "id": "BSESIX",
        "name": "실습프로젝트"
      }
    ],
    "type": "folder",
    "groupList": [
      "1000"
    ],
    "bkmkSq": 0,
    "id": "BSE",
    "name": "코사교육"
  }
]