[
  {"id":"FI","name":"재무회계"},
  {"id":"CO","name":"관리회계"},
  {"id":"TR","name":"자금관리"},
  {"id":"BM","name":"예산관리"},
  {"id":"CA","name":"연결회계"},
  {"id":"AU","name":"감사"},
  {"id":"IA","name":"내부회계"},
  {"id":"CI","name":"통합설정관리"},
  {"id":"MA","name":"통합기준정보"},
  {"id":"TX","name":"세무관리"},
  {"id":"HR","name":"인사관리"},
  {"id":"PP","name":"생산관리"},
  {"id":"PU","name":"구매관리"},
  {"id":"IM","name":"재고관리"},
  {"id":"SD","name":"영업관리"},
  {"id":"IE","name":"무역관리"},
  {"id":"LE","name":"물류관리"},
  {"id":"PM","name":"설비관리"},
  {"id":"QM","name":"품질관리"},
  {"id":"PS","name":"프로젝트관리"},
  {"id":"LO","name":"물류일반"},
  {"id":"BP","name":"사업계획"}
]
